Dialogue History,Acts,Belief,Entity,BoW,DB Consistency,Confidence,RANDOM_accuracy,RANDOM_precision,RANDOM_recall,RANDOM_f1,THRESHOLD_accuracy,THRESHOLD_precision,THRESHOLD_recall,THRESHOLD_f1,MAJORITY_accuracy,MAJORITY_precision,MAJORITY_recall,MAJORITY_f1,LOGIT_accuracy,LOGIT_precision,LOGIT_recall,LOGIT_f1,Best Model,Best F1
2,False,False,False,False,False,act + entity,0.41923076923076924,0.43353174603174605,0.4595543345543346,0.3518021243585153,0.4610675039246468,0.5538548752834468,0.6510989010989011,0.411734693877551,0.8002354788069075,0.40011773940345374,0.5,0.44085133468592114,0.7402668759811617,0.5089285714285714,0.5862332112332114,0.5276021317617956,LOGIT,0.5276021317617956
1,False,True,False,False,True,none,0.4815541601255887,0.42482993197278907,0.3901098901098901,0.37561842918985777,0.4610675039246468,0.5538548752834468,0.6510989010989011,0.411734693877551,0.8002354788069075,0.40011773940345374,0.5,0.44085133468592114,0.5789638932496075,0.5100881261595547,0.5251831501831502,0.4488095238095237,LOGIT,0.4488095238095237
0,True,False,False,True,False,act,0.4896389324960754,0.42976190476190473,0.4343711843711843,0.3636103716849059,0.4610675039246468,0.5538548752834468,0.6510989010989011,0.411734693877551,0.8002354788069075,0.40011773940345374,0.5,0.44085133468592114,0.7892464678178965,0.39965986394557823,0.49404761904761907,0.4377560965906831,MAJORITY,0.44085133468592114
2,False,False,True,True,False,act,0.4560439560439561,0.46369047619047615,0.5012210012210011,0.3851354576918487,0.4610675039246468,0.5538548752834468,0.6510989010989011,0.411734693877551,0.8002354788069075,0.40011773940345374,0.5,0.44085133468592114,0.8002354788069075,0.40011773940345374,0.5,0.44085133468592114,LOGIT,0.44085133468592114
1,False,False,True,False,True,entity,0.3592621664050236,0.4709183673469388,0.516025641025641,0.33628815162428605,0.4610675039246468,0.5538548752834468,0.6510989010989011,0.411734693877551,0.8002354788069075,0.40011773940345374,0.5,0.44085133468592114,0.47872841444270015,0.38662131519274373,0.35805860805860806,0.3279931972789115,MAJORITY,0.44085133468592114
1,False,True,False,False,False,act + entity,0.5172684458398744,0.5302721088435374,0.5905067155067155,0.46224489795918366,0.4610675039246468,0.5538548752834468,0.6510989010989011,0.411734693877551,0.8002354788069075,0.40011773940345374,0.5,0.44085133468592114,0.6601255886970172,0.47386621315192745,0.5158730158730158,0.44666907166907166,RANDOM,0.46224489795918366
2,False,False,True,True,False,act + entity,0.5077708006279436,0.5454365079365079,0.5395299145299146,0.4245047294280031,0.4610675039246468,0.5538548752834468,0.6510989010989011,0.411734693877551,0.8002354788069075,0.40011773940345374,0.5,0.44085133468592114,0.8002354788069075,0.40011773940345374,0.5,0.44085133468592114,LOGIT,0.44085133468592114
2,False,False,False,False,True,act + entity,0.5652276295133438,0.5178571428571429,0.614163614163614,0.45789290075004363,0.4610675039246468,0.5538548752834468,0.6510989010989011,0.411734693877551,0.8002354788069075,0.40011773940345374,0.5,0.44085133468592114,0.7402668759811617,0.5089285714285714,0.5862332112332114,0.5276021317617956,LOGIT,0.5276021317617956
0,True,False,False,True,True,act + entity,0.5000784929356358,0.43809523809523804,0.4407814407814407,0.39007603041216493,0.4610675039246468,0.5538548752834468,0.6510989010989011,0.411734693877551,0.8002354788069075,0.40011773940345374,0.5,0.44085133468592114,0.7892464678178965,0.39965986394557823,0.49404761904761907,0.4377560965906831,MAJORITY,0.44085133468592114
0,False,False,False,False,False,act,0.6799843014128729,0.6513605442176871,0.7586996336996336,0.6035714285714286,0.4610675039246468,0.5538548752834468,0.6510989010989011,0.411734693877551,0.8002354788069075,0.40011773940345374,0.5,0.44085133468592114,0.9249607535321821,0.7115646258503402,0.7738095238095238,0.7291650844282423,LOGIT,0.7291650844282423
0,False,False,False,True,True,act,0.47080062794348504,0.42984693877551017,0.4758852258852259,0.3761794191360754,0.4610675039246468,0.5538548752834468,0.6510989010989011,0.411734693877551,0.8002354788069075,0.40011773940345374,0.5,0.44085133468592114,0.7463893249607534,0.39529478458049894,0.46825396825396826,0.4236583522297807,MAJORITY,0.44085133468592114
2,False,True,False,True,False,none,0.5983516483516483,0.5059523809523809,0.5547924297924298,0.4734007638142977,0.4610675039246468,0.5538548752834468,0.6510989010989011,0.411734693877551,0.8002354788069075,0.40011773940345374,0.5,0.44085133468592114,0.7672684458398745,0.3984693877551021,0.48214285714285715,0.43072146455605104,RANDOM,0.4734007638142977
2,False,True,False,True,True,entity,0.39301412872841446,0.4113095238095238,0.4902319902319902,0.3207824756696937,0.4610675039246468,0.5538548752834468,0.6510989010989011,0.411734693877551,0.8002354788069075,0.40011773940345374,0.5,0.44085133468592114,0.763971742543171,0.3983250876108019,0.4801587301587301,0.43021459791646127,MAJORITY,0.44085133468592114
0,False,True,True,False,False,entity,0.6312401883830455,0.5231292517006803,0.5135836385836386,0.4931376059195608,0.4610675039246468,0.5538548752834468,0.6510989010989011,0.411734693877551,0.8002354788069075,0.40011773940345374,0.5,0.44085133468592114,0.4753532182103611,0.4588435374149659,0.3827838827838828,0.3872498274672188,RANDOM,0.4931376059195608
0,False,False,True,True,True,entity,0.554945054945055,0.5392857142857143,0.5067155067155068,0.4402597402597403,0.4610675039246468,0.5538548752834468,0.6510989010989011,0.411734693877551,0.8002354788069075,0.40011773940345374,0.5,0.44085133468592114,0.6856357927786499,0.3877594627594627,0.43299755799755807,0.40101961530532965,MAJORITY,0.44085133468592114
0,False,True,False,False,False,none,0.512087912087912,0.44345238095238093,0.4873321123321124,0.4089166368301707,0.4610675039246468,0.5538548752834468,0.6510989010989011,0.411734693877551,0.8002354788069075,0.40011773940345374,0.5,0.44085133468592114,0.3682103610675039,0.2743197278911565,0.2875457875457875,0.24915458937198065,MAJORITY,0.44085133468592114
1,False,True,False,True,False,act,0.45447409733124017,0.4066326530612245,0.4745115995115995,0.35374149659863946,0.4610675039246468,0.5538548752834468,0.6510989010989011,0.411734693877551,0.8002354788069075,0.40011773940345374,0.5,0.44085133468592114,0.8249607535321822,0.4889455782312925,0.5654761904761905,0.5193887496519076,LOGIT,0.5193887496519076
0,False,True,False,False,False,act + entity,0.517817896389325,0.4386054421768707,0.48931623931623935,0.4037105751391465,0.4610675039246468,0.5538548752834468,0.6510989010989011,0.411734693877551,0.8002354788069075,0.40011773940345374,0.5,0.44085133468592114,0.5924646781789639,0.5629251700680271,0.506868131868132,0.47378625134264235,LOGIT,0.47378625134264235
1,False,False,True,False,False,entity,0.3501569858712716,0.3333333333333333,0.35134310134310137,0.25555555555555554,0.4610675039246468,0.5538548752834468,0.6510989010989011,0.411734693877551,0.8002354788069075,0.40011773940345374,0.5,0.44085133468592114,0.4930141287284145,0.3878968253968254,0.36599511599511597,0.3332452981192477,MAJORITY,0.44085133468592114
0,False,True,True,True,False,act + entity,0.5580847723704866,0.4440476190476191,0.4827533577533578,0.41455248766173136,0.4610675039246468,0.5538548752834468,0.6510989010989011,0.411734693877551,0.8002354788069075,0.40011773940345374,0.5,0.44085133468592114,0.7244113029827315,0.3941043083900227,0.4563492063492064,0.41662372019514876,MAJORITY,0.44085133468592114
2,False,True,False,True,True,act,0.5226059654631083,0.47857142857142854,0.5776862026862027,0.4233798782670963,0.4610675039246468,0.5538548752834468,0.6510989010989011,0.411734693877551,0.8002354788069075,0.40011773940345374,0.5,0.44085133468592114,0.7892464678178965,0.39965986394557823,0.49404761904761907,0.4377560965906831,MAJORITY,0.44085133468592114
0,True,False,True,False,False,act,0.39811616954474094,0.3435374149659864,0.38965201465201466,0.29886391803685036,0.4610675039246468,0.5538548752834468,0.6510989010989011,0.411734693877551,0.8002354788069075,0.40011773940345374,0.5,0.44085133468592114,0.6526687598116169,0.4263649049363335,0.46871184371184377,0.4040173694309033,MAJORITY,0.44085133468592114
0,True,False,False,False,False,none,0.53712715855573,0.43849206349206343,0.4606227106227106,0.4007575757575758,0.4610675039246468,0.5538548752834468,0.6510989010989011,0.411734693877551,0.8002354788069075,0.40011773940345374,0.5,0.44085133468592114,0.5883830455259027,0.36684109541252397,0.3734737484737485,0.35707859392069924,MAJORITY,0.44085133468592114
1,True,False,False,False,False,none,0.6210361067503926,0.5958333333333333,0.6370573870573871,0.5409048234678486,0.4610675039246468,0.5538548752834468,0.6510989010989011,0.411734693877551,0.8002354788069075,0.40011773940345374,0.5,0.44085133468592114,0.6991365777080063,0.4496598639455783,0.5595238095238095,0.43897044197796076,RANDOM,0.5409048234678486
2,False,False,True,True,False,entity,0.4914442700156986,0.45816326530612245,0.4357448107448107,0.40565699964196206,0.4610675039246468,0.5538548752834468,0.6510989010989011,0.411734693877551,0.8002354788069075,0.40011773940345374,0.5,0.44085133468592114,0.8002354788069075,0.40011773940345374,0.5,0.44085133468592114,LOGIT,0.44085133468592114
0,True,False,False,True,True,entity,0.4312401883830455,0.44812925170068024,0.42032967032967034,0.3505639097744361,0.4610675039246468,0.5538548752834468,0.6510989010989011,0.411734693877551,0.8002354788069075,0.40011773940345374,0.5,0.44085133468592114,0.763971742543171,0.3983250876108019,0.4801587301587301,0.43021459791646127,MAJORITY,0.44085133468592114
0,False,False,True,True,True,act,0.5343799058084772,0.4087301587301587,0.4407814407814407,0.3985967114118375,0.4610675039246468,0.5538548752834468,0.6510989010989011,0.411734693877551,0.8002354788069075,0.40011773940345374,0.5,0.44085133468592114,0.7354003139717424,0.3947536590393734,0.46230158730158727,0.42029396299582633,MAJORITY,0.44085133468592114
1,False,False,True,True,False,entity,0.47715855572998433,0.4084467120181406,0.47985347985347987,0.3706535110670449,0.4610675039246468,0.5538548752834468,0.6510989010989011,0.411734693877551,0.8002354788069075,0.40011773940345374,0.5,0.44085133468592114,0.7892464678178965,0.39965986394557823,0.49404761904761907,0.4377560965906831,MAJORITY,0.44085133468592114
0,False,False,False,True,True,none,0.48712715855572997,0.4251700680272109,0.5106837606837608,0.37456828885400323,0.4610675039246468,0.5538548752834468,0.6510989010989011,0.411734693877551,0.8002354788069075,0.40011773940345374,0.5,0.44085133468592114,0.7251962323390895,0.3943611943611944,0.4568070818070818,0.4174449601468235,MAJORITY,0.44085133468592114
2,False,False,True,False,True,act + entity,0.6434850863422292,0.6564625850340136,0.6709401709401709,0.5822661048224959,0.4610675039246468,0.5538548752834468,0.6510989010989011,0.411734693877551,0.8002354788069075,0.40011773940345374,0.5,0.44085133468592114,0.7101255886970173,0.43477891156462584,0.501984126984127,0.4417170908767547,RANDOM,0.5822661048224959
2,False,False,False,True,True,act,0.552668759811617,0.49217687074829936,0.4481074481074481,0.43610812746151095,0.4610675039246468,0.5538548752834468,0.6510989010989011,0.411734693877551,0.8002354788069075,0.40011773940345374,0.5,0.44085133468592114,0.8002354788069075,0.40011773940345374,0.5,0.44085133468592114,LOGIT,0.44085133468592114
0,True,True,True,True,False,act + entity,0.4302197802197802,0.38333333333333336,0.528998778998779,0.3368112562163867,0.4610675039246468,0.5538548752834468,0.6510989010989011,0.411734693877551,0.8002354788069075,0.40011773940345374,0.5,0.44085133468592114,0.7782574568288855,0.3991187384044527,0.4880952380952381,0.4343917073567286,MAJORITY,0.44085133468592114
0,True,True,False,False,False,act,0.5228414442700157,0.4474206349206349,0.4507020757020757,0.400325864611579,0.4610675039246468,0.5538548752834468,0.6510989010989011,0.411734693877551,0.8002354788069075,0.40011773940345374,0.5,0.44085133468592114,0.6526687598116169,0.4263649049363335,0.46871184371184377,0.4040173694309033,MAJORITY,0.44085133468592114
1,True,False,False,False,False,entity,0.6021193092621664,0.5297619047619048,0.617979242979243,0.4989195678271308,0.4610675039246468,0.5538548752834468,0.6510989010989011,0.411734693877551,0.8002354788069075,0.40011773940345374,0.5,0.44085133468592114,0.6991365777080063,0.4496598639455783,0.5595238095238095,0.43897044197796076,RANDOM,0.4989195678271308
1,False,True,False,False,False,none,0.6626373626373626,0.6203231292517006,0.7234432234432234,0.5863259338823249,0.4610675039246468,0.5538548752834468,0.6510989010989011,0.411734693877551,0.8002354788069075,0.40011773940345374,0.5,0.44085133468592114,0.56138147566719,0.5051278086992372,0.5132783882783883,0.42704081632653057,RANDOM,0.5863259338823249
0,False,False,True,False,False,act,0.4875981161695448,0.5453514739229025,0.6004273504273504,0.42440476190476195,0.4610675039246468,0.5538548752834468,0.6510989010989011,0.411734693877551,0.8002354788069075,0.40011773940345374,0.5,0.44085133468592114,0.6991365777080062,0.6318027210884354,0.6984126984126985,0.585615328002546,LOGIT,0.585615328002546
2,True,False,False,True,False,none,0.5126373626373627,0.4726190476190476,0.6143162393162394,0.42867287265783505,0.4610675039246468,0.5538548752834468,0.6510989010989011,0.411734693877551,0.8002354788069075,0.40011773940345374,0.5,0.44085133468592114,0.7892464678178965,0.39965986394557823,0.49404761904761907,0.4377560965906831,MAJORITY,0.44085133468592114
1,False,False,True,False,False,none,0.5602825745682888,0.5809523809523809,0.5573870573870574,0.4951162283095056,0.4610675039246468,0.5538548752834468,0.6510989010989011,0.411734693877551,0.8002354788069075,0.40011773940345374,0.5,0.44085133468592114,0.5032182103610675,0.3466880341880342,0.31791819291819295,0.3199956905839259,RANDOM,0.4951162283095056
0,True,False,False,False,True,act + entity,0.534850863422292,0.41666666666666663,0.47390109890109894,0.38373015873015875,0.4610675039246468,0.5538548752834468,0.6510989010989011,0.411734693877551,0.8002354788069075,0.40011773940345374,0.5,0.44085133468592114,0.6312401883830455,0.4403388278388279,0.5183150183150184,0.4073660773351176,MAJORITY,0.44085133468592114
0,True,False,False,True,False,act + entity,0.5094976452119309,0.569047619047619,0.5358669108669109,0.44126330019187154,0.4610675039246468,0.5538548752834468,0.6510989010989011,0.411734693877551,0.8002354788069075,0.40011773940345374,0.5,0.44085133468592114,0.7892464678178965,0.39965986394557823,0.49404761904761907,0.4377560965906831,RANDOM,0.44126330019187154
0,False,False,True,False,False,entity,0.4917582417582418,0.5053571428571428,0.6182844932844932,0.42296905266830087,0.4610675039246468,0.5538548752834468,0.6510989010989011,0.411734693877551,0.8002354788069075,0.40011773940345374,0.5,0.44085133468592114,0.43657770800627943,0.47052154195011336,0.5463980463980463,0.3967687074829932,MAJORITY,0.44085133468592114
2,True,False,False,True,False,entity,0.565149136577708,0.5218253968253967,0.4407814407814407,0.4479231086373944,0.4610675039246468,0.5538548752834468,0.6510989010989011,0.411734693877551,0.8002354788069075,0.40011773940345374,0.5,0.44085133468592114,0.7892464678178965,0.39965986394557823,0.49404761904761907,0.4377560965906831,RANDOM,0.4479231086373944
1,True,False,False,True,True,act,0.6361067503924647,0.5345779220779221,0.5767704517704518,0.5057823129251701,0.4610675039246468,0.5538548752834468,0.6510989010989011,0.411734693877551,0.8002354788069075,0.40011773940345374,0.5,0.44085133468592114,0.7782574568288855,0.3991187384044527,0.4880952380952381,0.4343917073567286,RANDOM,0.5057823129251701
0,True,False,False,True,True,act,0.5422291993720565,0.5340136054421769,0.5731074481074482,0.4619137128535625,0.4610675039246468,0.5538548752834468,0.6510989010989011,0.411734693877551,0.8002354788069075,0.40011773940345374,0.5,0.44085133468592114,0.7892464678178965,0.39965986394557823,0.49404761904761907,0.4377560965906831,RANDOM,0.4619137128535625
0,True,True,True,True,False,act,0.5118524332810047,0.5072278911564625,0.5999694749694751,0.4613762171535281,0.4610675039246468,0.5538548752834468,0.6510989010989011,0.411734693877551,0.8002354788069075,0.40011773940345374,0.5,0.44085133468592114,0.763971742543171,0.3983250876108019,0.4801587301587301,0.43021459791646127,RANDOM,0.4613762171535281
1,False,True,False,True,True,act + entity,0.48759811616954474,0.45765306122448984,0.4278083028083029,0.3845804988662131,0.4610675039246468,0.5538548752834468,0.6510989010989011,0.411734693877551,0.8002354788069075,0.40011773940345374,0.5,0.44085133468592114,0.8002354788069075,0.40011773940345374,0.5,0.44085133468592114,LOGIT,0.44085133468592114
1,True,False,False,False,True,act + entity,0.60298273155416,0.5474489795918367,0.527014652014652,0.48605442176870756,0.4610675039246468,0.5538548752834468,0.6510989010989011,0.411734693877551,0.8002354788069075,0.40011773940345374,0.5,0.44085133468592114,0.6991365777080063,0.4496598639455783,0.5595238095238095,0.43897044197796076,RANDOM,0.48605442176870756
1,True,False,False,True,False,act + entity,0.4901883830455259,0.4065476190476191,0.480006105006105,0.3791083657543285,0.4610675039246468,0.5538548752834468,0.6510989010989011,0.411734693877551,0.8002354788069075,0.40011773940345374,0.5,0.44085133468592114,0.7782574568288855,0.3991187384044527,0.4880952380952381,0.4343917073567286,MAJORITY,0.44085133468592114
0,False,True,False,False,True,entity,0.49709576138147565,0.4988095238095238,0.589133089133089,0.43284184487192007,0.4610675039246468,0.5538548752834468,0.6510989010989011,0.411734693877551,0.8002354788069075,0.40011773940345374,0.5,0.44085133468592114,0.4039246467817897,0.33027210884353736,0.36492673992673996,0.2920117322291235,MAJORITY,0.44085133468592114
1,False,False,False,False,False,act,0.5039246467817896,0.5317460317460317,0.5665445665445665,0.44684720041862896,0.4610675039246468,0.5538548752834468,0.6510989010989011,0.411734693877551,0.8002354788069075,0.40011773940345374,0.5,0.44085133468592114,0.8892464678178964,0.6758503401360544,0.75,0.6910698463330043,LOGIT,0.6910698463330043
0,False,False,True,True,False,none,0.45164835164835165,0.5059523809523809,0.4372710622710622,0.40038066508654746,0.4610675039246468,0.5538548752834468,0.6510989010989011,0.411734693877551,0.8002354788069075,0.40011773940345374,0.5,0.44085133468592114,0.6823390894819467,0.3874167499167499,0.431013431013431,0.40002132402570834,MAJORITY,0.44085133468592114
0,False,True,True,False,False,act + entity,0.3620879120879121,0.36975623582766437,0.3301282051282051,0.28690476190476183,0.4610675039246468,0.5538548752834468,0.6510989010989011,0.411734693877551,0.8002354788069075,0.40011773940345374,0.5,0.44085133468592114,0.6281789638932496,0.5748299319727891,0.5306776556776557,0.5071195846759757,LOGIT,0.5071195846759757
0,True,True,True,True,False,entity,0.491679748822606,0.40773809523809523,0.3746947496947497,0.3554878091587512,0.4610675039246468,0.5538548752834468,0.6510989010989011,0.411734693877551,0.8002354788069075,0.40011773940345374,0.5,0.44085133468592114,0.7496860282574568,0.3973330241187384,0.4722222222222222,0.42554606383616245,MAJORITY,0.44085133468592114
0,True,False,True,False,False,none,0.5305337519623234,0.42568027210884357,0.5364774114774115,0.39710884353741494,0.4610675039246468,0.5538548752834468,0.6510989010989011,0.411734693877551,0.8002354788069075,0.40011773940345374,0.5,0.44085133468592114,0.5883830455259027,0.36684109541252397,0.3734737484737485,0.35707859392069924,MAJORITY,0.44085133468592114
1,True,False,False,False,True,act,0.5519623233908948,0.4375850340136055,0.5483821733821733,0.413265306122449,0.4610675039246468,0.5538548752834468,0.6510989010989011,0.411734693877551,0.8002354788069075,0.40011773940345374,0.5,0.44085133468592114,0.6991365777080063,0.4496598639455783,0.5595238095238095,0.43897044197796076,MAJORITY,0.44085133468592114
2,True,False,False,False,False,none,0.5452904238618524,0.42261904761904756,0.4813797313797314,0.39702380952380956,0.4610675039246468,0.5538548752834468,0.6510989010989011,0.411734693877551,0.8002354788069075,0.40011773940345374,0.5,0.44085133468592114,0.674646781789639,0.4508547008547009,0.5460927960927962,0.4482141709585318,LOGIT,0.4482141709585318
0,True,False,True,True,False,act + entity,0.5401883830455259,0.5780612244897958,0.6729242979242979,0.49846938775510197,0.4610675039246468,0.5538548752834468,0.6510989010989011,0.411734693877551,0.8002354788069075,0.40011773940345374,0.5,0.44085133468592114,0.7782574568288855,0.3991187384044527,0.4880952380952381,0.4343917073567286,RANDOM,0.49846938775510197
2,False,True,False,False,True,act + entity,0.30439560439560437,0.3208333333333333,0.28052503052503047,0.24107142857142858,0.4610675039246468,0.5538548752834468,0.6510989010989011,0.411734693877551,0.8002354788069075,0.40011773940345374,0.5,0.44085133468592114,0.7672684458398745,0.5020408163265306,0.5833333333333333,0.51961035344494,LOGIT,0.51961035344494
0,False,False,False,True,True,act + entity,0.4468602825745683,0.3964285714285714,0.4584859584859585,0.35385487528344667,0.4610675039246468,0.5538548752834468,0.6510989010989011,0.411734693877551,0.8002354788069075,0.40011773940345374,0.5,0.44085133468592114,0.7463893249607534,0.39529478458049894,0.46825396825396826,0.4236583522297807,MAJORITY,0.44085133468592114
0,False,True,True,False,False,none,0.5409733124018838,0.48710317460317454,0.4745115995115995,0.4287987922441704,0.4610675039246468,0.5538548752834468,0.6510989010989011,0.411734693877551,0.8002354788069075,0.40011773940345374,0.5,0.44085133468592114,0.4753532182103611,0.4588435374149659,0.3827838827838828,0.3872498274672188,MAJORITY,0.44085133468592114
2,True,False,False,True,False,act,0.3912087912087912,0.4119897959183674,0.49923687423687424,0.33368333838258646,0.4610675039246468,0.5538548752834468,0.6510989010989011,0.411734693877551,0.8002354788069075,0.40011773940345374,0.5,0.44085133468592114,0.7892464678178965,0.39965986394557823,0.49404761904761907,0.4377560965906831,MAJORITY,0.44085133468592114
1,False,False,False,True,False,none,0.3924646781789639,0.365391156462585,0.2799145299145299,0.2844918669222075,0.4610675039246468,0.5538548752834468,0.6510989010989011,0.411734693877551,0.8002354788069075,0.40011773940345374,0.5,0.44085133468592114,0.7782574568288855,0.3991187384044527,0.4880952380952381,0.4343917073567286,MAJORITY,0.44085133468592114
0,True,True,False,False,False,act + entity,0.38273155416012555,0.3861111111111111,0.3475274725274725,0.30674563531706384,0.4610675039246468,0.5538548752834468,0.6510989010989011,0.411734693877551,0.8002354788069075,0.40011773940345374,0.5,0.44085133468592114,0.6526687598116169,0.4263649049363335,0.46871184371184377,0.4040173694309033,MAJORITY,0.44085133468592114
0,False,True,False,False,True,none,0.512087912087912,0.5691326530612244,0.6460622710622711,0.47566833751044274,0.4610675039246468,0.5538548752834468,0.6510989010989011,0.411734693877551,0.8002354788069075,0.40011773940345374,0.5,0.44085133468592114,0.43249607535321827,0.3659863945578231,0.3827838827838828,0.31582125603864736,RANDOM,0.47566833751044274
0,True,False,True,True,False,none,0.5113029827315543,0.4509920634920635,0.43879731379731374,0.38009931245225365,0.4610675039246468,0.5538548752834468,0.6510989010989011,0.411734693877551,0.8002354788069075,0.40011773940345374,0.5,0.44085133468592114,0.7354003139717424,0.3947536590393734,0.46230158730158727,0.42029396299582633,MAJORITY,0.44085133468592114
0,True,False,False,False,True,entity,0.5631868131868132,0.4982142857142858,0.5666971916971917,0.45446136987490365,0.4610675039246468,0.5538548752834468,0.6510989010989011,0.411734693877551,0.8002354788069075,0.40011773940345374,0.5,0.44085133468592114,0.5883830455259027,0.38597374847374855,0.43894993894993906,0.369855634561517,RANDOM,0.45446136987490365
1,False,False,True,False,False,act + entity,0.4968602825745683,0.5178571428571428,0.5438034188034188,0.4198412698412698,0.4610675039246468,0.5538548752834468,0.6510989010989011,0.411734693877551,0.8002354788069075,0.40011773940345374,0.5,0.44085133468592114,0.5277080062794349,0.3897392290249434,0.38492063492063494,0.34383975812547235,MAJORITY,0.44085133468592114
2,False,False,True,True,True,act,0.565934065934066,0.5797619047619047,0.7155067155067155,0.5049300421923155,0.4610675039246468,0.5538548752834468,0.6510989010989011,0.411734693877551,0.8002354788069075,0.40011773940345374,0.5,0.44085133468592114,0.8002354788069075,0.40011773940345374,0.5,0.44085133468592114,RANDOM,0.5049300421923155
0,False,False,True,False,True,act + entity,0.46467817896389324,0.39821428571428574,0.3927045177045177,0.3601422387136673,0.4610675039246468,0.5538548752834468,0.6510989010989011,0.411734693877551,0.8002354788069075,0.40011773940345374,0.5,0.44085133468592114,0.6771585557299843,0.5970804988662132,0.6230158730158731,0.5357431861633543,LOGIT,0.5357431861633543
0,True,False,False,False,False,entity,0.6302197802197803,0.5420918367346939,0.5622710622710623,0.5163712853562478,0.4610675039246468,0.5538548752834468,0.6510989010989011,0.411734693877551,0.8002354788069075,0.40011773940345374,0.5,0.44085133468592114,0.6026687598116169,0.38676739926739934,0.44688644688644696,0.3740327440017843,RANDOM,0.5163712853562478
1,False,True,False,False,True,act,0.45808477237048667,0.46071428571428574,0.47481684981684985,0.3748437836673131,0.4610675039246468,0.5538548752834468,0.6510989010989011,0.411734693877551,0.8002354788069075,0.40011773940345374,0.5,0.44085133468592114,0.6999215070643643,0.4861721611721612,0.5421245421245421,0.48133051159366946,LOGIT,0.48133051159366946
1,False,False,True,False,True,act + entity,0.41773940345368915,0.4244897959183673,0.44261294261294254,0.34722222222222227,0.4610675039246468,0.5538548752834468,0.6510989010989011,0.411734693877551,0.8002354788069075,0.40011773940345374,0.5,0.44085133468592114,0.5277080062794349,0.3897392290249434,0.38492063492063494,0.34383975812547235,MAJORITY,0.44085133468592114
0,True,False,False,False,True,act,0.45926216640502354,0.41547619047619044,0.4247557997557997,0.34381934592018626,0.4610675039246468,0.5538548752834468,0.6510989010989011,0.411734693877551,0.8002354788069075,0.40011773940345374,0.5,0.44085133468592114,0.6169544740973312,0.4395451770451771,0.5103785103785105,0.4031889678948502,MAJORITY,0.44085133468592114
0,True,True,True,False,False,act + entity,0.4557299843014129,0.421343537414966,0.4198717948717949,0.3531017535219216,0.4610675039246468,0.5538548752834468,0.6510989010989011,0.411734693877551,0.8002354788069075,0.40011773940345374,0.5,0.44085133468592114,0.6526687598116169,0.4263649049363335,0.46871184371184377,0.4040173694309033,MAJORITY,0.44085133468592114
1,False,False,True,True,False,act,0.6697802197802198,0.6798469387755102,0.7428266178266177,0.6172553636839352,0.4610675039246468,0.5538548752834468,0.6510989010989011,0.411734693877551,0.8002354788069075,0.40011773940345374,0.5,0.44085133468592114,0.7892464678178965,0.39965986394557823,0.49404761904761907,0.4377560965906831,RANDOM,0.6172553636839352
2,False,True,False,False,False,none,0.5187598116169544,0.503061224489796,0.5077838827838828,0.4305343207517121,0.4610675039246468,0.5538548752834468,0.6510989010989011,0.411734693877551,0.8002354788069075,0.40011773940345374,0.5,0.44085133468592114,0.6817896389324961,0.5270451770451771,0.5837912087912088,0.49924949736979807,LOGIT,0.49924949736979807
0,False,False,True,False,True,none,0.5661695447409734,0.5076530612244898,0.53495115995116,0.4616998081283795,0.4610675039246468,0.5538548752834468,0.6510989010989011,0.411734693877551,0.8002354788069075,0.40011773940345374,0.5,0.44085133468592114,0.44427001569858715,0.3924319727891156,0.41941391941391937,0.33129251700680273,RANDOM,0.4616998081283795
2,False,True,False,True,False,entity,0.4189952904238618,0.43849206349206354,0.4189560439560439,0.33872750056960577,0.4610675039246468,0.5538548752834468,0.6510989010989011,0.411734693877551,0.8002354788069075,0.40011773940345374,0.5,0.44085133468592114,0.763971742543171,0.3983250876108019,0.4801587301587301,0.43021459791646127,MAJORITY,0.44085133468592114
0,False,True,False,True,False,act,0.4620879120879121,0.39186507936507936,0.4357448107448107,0.33207423320205276,0.4610675039246468,0.5538548752834468,0.6510989010989011,0.411734693877551,0.8002354788069075,0.40011773940345374,0.5,0.44085133468592114,0.763971742543171,0.3983250876108019,0.4801587301587301,0.43021459791646127,MAJORITY,0.44085133468592114
1,False,False,True,True,False,act + entity,0.4593406593406594,0.4875,0.5666971916971917,0.3909983291562239,0.4610675039246468,0.5538548752834468,0.6510989010989011,0.411734693877551,0.8002354788069075,0.40011773940345374,0.5,0.44085133468592114,0.7892464678178965,0.39965986394557823,0.49404761904761907,0.4377560965906831,MAJORITY,0.44085133468592114
0,True,True,False,True,False,entity,0.4697802197802198,0.5079365079365079,0.517094017094017,0.4198293352428691,0.4610675039246468,0.5538548752834468,0.6510989010989011,0.411734693877551,0.8002354788069075,0.40011773940345374,0.5,0.44085133468592114,0.763971742543171,0.3983250876108019,0.4801587301587301,0.43021459791646127,MAJORITY,0.44085133468592114
0,False,False,False,True,False,none,0.5289638932496075,0.4958333333333334,0.49389499389499386,0.4431354359925789,0.4610675039246468,0.5538548752834468,0.6510989010989011,0.411734693877551,0.8002354788069075,0.40011773940345374,0.5,0.44085133468592114,0.7251962323390895,0.3943611943611944,0.4568070818070818,0.4174449601468235,RANDOM,0.4431354359925789
1,False,True,False,False,False,act,0.419309262166405,0.38503401360544215,0.36813186813186816,0.31071428571428567,0.4610675039246468,0.5538548752834468,0.6510989010989011,0.411734693877551,0.8002354788069075,0.40011773940345374,0.5,0.44085133468592114,0.6744113029827316,0.47465986394557824,0.5238095238095238,0.450846181109339,LOGIT,0.450846181109339
0,True,False,False,True,True,none,0.4077708006279435,0.4302721088435374,0.4130036630036629,0.347467570023961,0.4610675039246468,0.5538548752834468,0.6510989010989011,0.411734693877551,0.8002354788069075,0.40011773940345374,0.5,0.44085133468592114,0.7749607535321822,0.39886621315192744,0.4861111111111111,0.4335789871504157,MAJORITY,0.44085133468592114
1,False,False,False,True,True,act,0.4863422291993721,0.41845238095238096,0.43437118437118444,0.36379044371371744,0.4610675039246468,0.5538548752834468,0.6510989010989011,0.411734693877551,0.8002354788069075,0.40011773940345374,0.5,0.44085133468592114,0.7892464678178965,0.39965986394557823,0.49404761904761907,0.4377560965906831,MAJORITY,0.44085133468592114
2,False,False,False,True,False,act,0.4273940345368917,0.45833333333333337,0.45207570207570213,0.3583073985329625,0.4610675039246468,0.5538548752834468,0.6510989010989011,0.411734693877551,0.8002354788069075,0.40011773940345374,0.5,0.44085133468592114,0.7782574568288855,0.3991187384044527,0.4880952380952381,0.4343917073567286,MAJORITY,0.44085133468592114
0,True,True,True,False,False,entity,0.5452904238618524,0.5402494331065759,0.6524725274725275,0.47505668934240364,0.4610675039246468,0.5538548752834468,0.6510989010989011,0.411734693877551,0.8002354788069075,0.40011773940345374,0.5,0.44085133468592114,0.6240973312401884,0.37279347636490495,0.3972832722832723,0.37068403609756995,RANDOM,0.47505668934240364
2,True,False,False,True,False,act + entity,0.45243328100470953,0.41964285714285715,0.4139194139194139,0.34880952380952385,0.4610675039246468,0.5538548752834468,0.6510989010989011,0.411734693877551,0.8002354788069075,0.40011773940345374,0.5,0.44085133468592114,0.7892464678178965,0.39965986394557823,0.49404761904761907,0.4377560965906831,MAJORITY,0.44085133468592114
0,True,True,False,False,False,entity,0.3975667189952904,0.40773809523809523,0.4174297924297924,0.3202931571352624,0.4610675039246468,0.5538548752834468,0.6510989010989011,0.411734693877551,0.8002354788069075,0.40011773940345374,0.5,0.44085133468592114,0.6240973312401884,0.37279347636490495,0.3972832722832723,0.37068403609756995,MAJORITY,0.44085133468592114
2,False,False,True,False,True,entity,0.4158555729984301,0.494047619047619,0.4719169719169719,0.37079649673634635,0.4610675039246468,0.5538548752834468,0.6510989010989011,0.411734693877551,0.8002354788069075,0.40011773940345374,0.5,0.44085133468592114,0.6101255886970173,0.41335034013605443,0.43650793650793646,0.39914339473163,MAJORITY,0.44085133468592114
0,True,True,False,True,False,act,0.47974882260596546,0.44523809523809527,0.48595848595848595,0.3769780399397922,0.4610675039246468,0.5538548752834468,0.6510989010989011,0.411734693877551,0.8002354788069075,0.40011773940345374,0.5,0.44085133468592114,0.7782574568288855,0.3991187384044527,0.4880952380952381,0.4343917073567286,MAJORITY,0.44085133468592114
1,True,False,False,True,True,entity,0.5340659340659341,0.4655612244897959,0.5285409035409036,0.4223574045002616,0.4610675039246468,0.5538548752834468,0.6510989010989011,0.411734693877551,0.8002354788069075,0.40011773940345374,0.5,0.44085133468592114,0.7782574568288855,0.3991187384044527,0.4880952380952381,0.4343917073567286,MAJORITY,0.44085133468592114
1,False,True,False,True,False,entity,0.4725274725274725,0.4529761904761904,0.4853479853479854,0.3809938010291836,0.4610675039246468,0.5538548752834468,0.6510989010989011,0.411734693877551,0.8002354788069075,0.40011773940345374,0.5,0.44085133468592114,0.7996860282574568,0.4876108018965161,0.5515873015873015,0.5118472509776858,LOGIT,0.5118472509776858
0,False,False,True,False,False,act + entity,0.49811616954474097,0.4503968253968254,0.4983211233211233,0.385780572810648,0.4610675039246468,0.5538548752834468,0.6510989010989011,0.411734693877551,0.8002354788069075,0.40011773940345374,0.5,0.44085133468592114,0.6771585557299843,0.5970804988662132,0.6230158730158731,0.5357431861633543,LOGIT,0.5357431861633543
0,False,False,True,True,True,act + entity,0.6473312401883831,0.5999149659863946,0.6094322344322344,0.5501700680272109,0.4610675039246468,0.5538548752834468,0.6510989010989011,0.411734693877551,0.8002354788069075,0.40011773940345374,0.5,0.44085133468592114,0.7354003139717424,0.3947536590393734,0.46230158730158727,0.42029396299582633,RANDOM,0.5501700680272109
2,False,False,True,True,False,none,0.4694662480376766,0.5055555555555555,0.45405982905982906,0.41377217553688145,0.4610675039246468,0.5538548752834468,0.6510989010989011,0.411734693877551,0.8002354788069075,0.40011773940345374,0.5,0.44085133468592114,0.7892464678178965,0.39965986394557823,0.49404761904761907,0.4377560965906831,MAJORITY,0.44085133468592114
1,False,False,False,True,False,act,0.569309262166405,0.49642857142857144,0.524114774114774,0.45510204081632655,0.4610675039246468,0.5538548752834468,0.6510989010989011,0.411734693877551,0.8002354788069075,0.40011773940345374,0.5,0.44085133468592114,0.7892464678178965,0.39965986394557823,0.49404761904761907,0.4377560965906831,RANDOM,0.45510204081632655
1,False,True,False,True,True,act,0.46640502354788077,0.48809523809523814,0.5477716727716728,0.3908799883589799,0.4610675039246468,0.5538548752834468,0.6510989010989011,0.411734693877551,0.8002354788069075,0.40011773940345374,0.5,0.44085133468592114,0.8249607535321822,0.4889455782312925,0.5654761904761905,0.5193887496519076,LOGIT,0.5193887496519076
2,False,False,True,True,True,act + entity,0.5043956043956044,0.4642857142857143,0.4094932844932845,0.4070378151260505,0.4610675039246468,0.5538548752834468,0.6510989010989011,0.411734693877551,0.8002354788069075,0.40011773940345374,0.5,0.44085133468592114,0.8002354788069075,0.40011773940345374,0.5,0.44085133468592114,LOGIT,0.44085133468592114
1,True,False,False,True,False,act,0.4200941915227629,0.3494897959183673,0.4015567765567765,0.31562009419152276,0.4610675039246468,0.5538548752834468,0.6510989010989011,0.411734693877551,0.8002354788069075,0.40011773940345374,0.5,0.44085133468592114,0.7782574568288855,0.3991187384044527,0.4880952380952381,0.4343917073567286,MAJORITY,0.44085133468592114
0,False,False,True,True,False,act + entity,0.5105180533751962,0.5749458874458874,0.6074481074481074,0.47552051123479694,0.4610675039246468,0.5538548752834468,0.6510989010989011,0.411734693877551,0.8002354788069075,0.40011773940345374,0.5,0.44085133468592114,0.7354003139717424,0.3947536590393734,0.46230158730158727,0.42029396299582633,RANDOM,0.47552051123479694
0,True,False,True,True,False,act,0.42739403453689173,0.47619047619047616,0.3647741147741148,0.3796574770258981,0.4610675039246468,0.5538548752834468,0.6510989010989011,0.411734693877551,0.8002354788069075,0.40011773940345374,0.5,0.44085133468592114,0.7892464678178965,0.39965986394557823,0.49404761904761907,0.4377560965906831,MAJORITY,0.44085133468592114
2,False,True,False,False,False,entity,0.37284144427001564,0.3802437641723356,0.3991147741147741,0.3089311482168625,0.4610675039246468,0.5538548752834468,0.6510989010989011,0.411734693877551,0.8002354788069075,0.40011773940345374,0.5,0.44085133468592114,0.7958398744113031,0.5877551020408164,0.6547619047619048,0.5989754328100193,LOGIT,0.5989754328100193
1,True,False,False,True,False,none,0.401883830455259,0.4060657596371882,0.38614163614163616,0.3098639455782313,0.4610675039246468,0.5538548752834468,0.6510989010989011,0.411734693877551,0.8002354788069075,0.40011773940345374,0.5,0.44085133468592114,0.7782574568288855,0.3991187384044527,0.4880952380952381,0.4343917073567286,MAJORITY,0.44085133468592114
0,False,False,False,False,False,act + entity,0.551883830455259,0.4540816326530612,0.47145909645909645,0.4140589569160998,0.4610675039246468,0.5538548752834468,0.6510989010989011,0.411734693877551,0.8002354788069075,0.40011773940345374,0.5,0.44085133468592114,0.7963893249607537,0.5990646258503401,0.6686507936507937,0.6151607107489461,LOGIT,0.6151607107489461
0,False,True,False,False,True,act,0.5205651491365777,0.4366213151927437,0.45360195360195366,0.3914965986394558,0.4610675039246468,0.5538548752834468,0.6510989010989011,0.411734693877551,0.8002354788069075,0.40011773940345374,0.5,0.44085133468592114,0.6067503924646782,0.5642006802721088,0.5148046398046399,0.47903835218297847,LOGIT,0.47903835218297847
0,False,False,False,False,False,entity,0.5047095761381476,0.4699546485260771,0.405067155067155,0.4201900856036195,0.4610675039246468,0.5538548752834468,0.6510989010989011,0.411734693877551,0.8002354788069075,0.40011773940345374,0.5,0.44085133468592114,0.4989010989010989,0.47559523809523807,0.49084249084249076,0.40473574045002614,MAJORITY,0.44085133468592114
0,True,False,True,False,False,act + entity,0.4508634222919937,0.49206349206349204,0.4864163614163614,0.3940900369471798,0.4610675039246468,0.5538548752834468,0.6510989010989011,0.411734693877551,0.8002354788069075,0.40011773940345374,0.5,0.44085133468592114,0.6636577708006278,0.4467730682016397,0.5401404151404152,0.42438077795220647,MAJORITY,0.44085133468592114
2,False,False,False,False,True,entity,0.6077708006279435,0.46488095238095234,0.5776862026862027,0.43600773642790447,0.4610675039246468,0.5538548752834468,0.6510989010989011,0.411734693877551,0.8002354788069075,0.40011773940345374,0.5,0.44085133468592114,0.640502354788069,0.45949288806431665,0.5251831501831502,0.4605442176870748,LOGIT,0.4605442176870748
1,False,False,True,True,True,none,0.4643642072213501,0.4226190476190476,0.42445054945054944,0.3498138507455278,0.4610675039246468,0.5538548752834468,0.6510989010989011,0.411734693877551,0.8002354788069075,0.40011773940345374,0.5,0.44085133468592114,0.7892464678178965,0.39965986394557823,0.49404761904761907,0.4377560965906831,MAJORITY,0.44085133468592114
2,False,False,True,False,False,entity,0.5863422291993722,0.49345238095238103,0.6253052503052503,0.465202747765773,0.4610675039246468,0.5538548752834468,0.6510989010989011,0.411734693877551,0.8002354788069075,0.40011773940345374,0.5,0.44085133468592114,0.6101255886970173,0.44013605442176873,0.5,0.42603415103415104,RANDOM,0.465202747765773
0,False,True,True,True,False,entity,0.371978021978022,0.42559523809523814,0.39163614163614163,0.32558869701726845,0.4610675039246468,0.5538548752834468,0.6510989010989011,0.411734693877551,0.8002354788069075,0.40011773940345374,0.5,0.44085133468592114,0.6856357927786499,0.3877594627594627,0.43299755799755807,0.40101961530532965,MAJORITY,0.44085133468592114
0,False,True,False,True,True,entity,0.4335164835164836,0.40416666666666673,0.3698107448107448,0.3442743764172335,0.4610675039246468,0.5538548752834468,0.6510989010989011,0.411734693877551,0.8002354788069075,0.40011773940345374,0.5,0.44085133468592114,0.6856357927786499,0.3877594627594627,0.43299755799755807,0.40101961530532965,MAJORITY,0.44085133468592114
0,False,False,False,True,True,entity,0.3879120879120879,0.30218253968253966,0.29288766788766785,0.25628058240840196,0.4610675039246468,0.5538548752834468,0.6510989010989011,0.411734693877551,0.8002354788069075,0.40011773940345374,0.5,0.44085133468592114,0.7361852433281004,0.39490231990231994,0.4627594627594628,0.42080934938077785,MAJORITY,0.44085133468592114
0,False,True,False,True,False,none,0.6032182103610675,0.5738095238095238,0.6742979242979243,0.5300214822771213,0.4610675039246468,0.5538548752834468,0.6510989010989011,0.411734693877551,0.8002354788069075,0.40011773940345374,0.5,0.44085133468592114,0.6611459968602826,0.3863095238095238,0.4195665445665446,0.39327415814810773,RANDOM,0.5300214822771213
1,False,False,False,True,True,act + entity,0.497331240188383,0.47321428571428564,0.4903846153846153,0.40099424385138666,0.4610675039246468,0.5538548752834468,0.6510989010989011,0.411734693877551,0.8002354788069075,0.40011773940345374,0.5,0.44085133468592114,0.7892464678178965,0.39965986394557823,0.49404761904761907,0.4377560965906831,MAJORITY,0.44085133468592114
0,True,True,False,False,False,none,0.5511773940345369,0.5095238095238095,0.5876068376068375,0.4573934837092732,0.4610675039246468,0.5538548752834468,0.6510989010989011,0.411734693877551,0.8002354788069075,0.40011773940345374,0.5,0.44085133468592114,0.5883830455259027,0.36684109541252397,0.3734737484737485,0.35707859392069924,RANDOM,0.4573934837092732
0,True,False,False,False,False,act,0.5915227629513344,0.5137755102040816,0.6178266178266177,0.4858843537414966,0.4610675039246468,0.5538548752834468,0.6510989010989011,0.411734693877551,0.8002354788069075,0.40011773940345374,0.5,0.44085133468592114,0.6169544740973312,0.4395451770451771,0.5103785103785105,0.4031889678948502,RANDOM,0.4858843537414966
0,False,True,True,False,False,act,0.5332810047095762,0.5250850340136054,0.6475885225885226,0.45133566247011625,0.4610675039246468,0.5538548752834468,0.6510989010989011,0.411734693877551,0.8002354788069075,0.40011773940345374,0.5,0.44085133468592114,0.6424646781789639,0.5761054421768707,0.5386141636141636,0.5123716855163118,LOGIT,0.5123716855163118
2,False,False,False,False,False,act,0.6269230769230768,0.6191326530612244,0.780982905982906,0.5815640291204202,0.4610675039246468,0.5538548752834468,0.6510989010989011,0.411734693877551,0.8002354788069075,0.40011773940345374,0.5,0.44085133468592114,0.8535321821036107,0.604421768707483,0.7023809523809524,0.6339269891901471,LOGIT,0.6339269891901471
2,False,False,True,False,False,act + entity,0.7978806907378336,0.7583333333333334,0.8832417582417581,0.7408163265306121,0.4610675039246468,0.5538548752834468,0.6510989010989011,0.411734693877551,0.8002354788069075,0.40011773940345374,0.5,0.44085133468592114,0.7244113029827315,0.4357709750566894,0.509920634920635,0.4463856249570535,RANDOM,0.7408163265306121
0,False,False,False,True,False,act,0.620800627943485,0.4172619047619047,0.463980463980464,0.4117153001551498,0.4610675039246468,0.5538548752834468,0.6510989010989011,0.411734693877551,0.8002354788069075,0.40011773940345374,0.5,0.44085133468592114,0.7463893249607534,0.39529478458049894,0.46825396825396826,0.4236583522297807,MAJORITY,0.44085133468592114
0,True,False,False,True,False,none,0.427629513343799,0.35595238095238096,0.28586691086691085,0.29580165399493136,0.4610675039246468,0.5538548752834468,0.6510989010989011,0.411734693877551,0.8002354788069075,0.40011773940345374,0.5,0.44085133468592114,0.7749607535321822,0.39886621315192744,0.4861111111111111,0.4335789871504157,MAJORITY,0.44085133468592114
2,True,False,False,False,True,act,0.45957613814756676,0.45110544217687076,0.405982905982906,0.3670068027210885,0.4610675039246468,0.5538548752834468,0.6510989010989011,0.411734693877551,0.8002354788069075,0.40011773940345374,0.5,0.44085133468592114,0.7134222919937205,0.45481859410430836,0.5694444444444445,0.4609838087281696,LOGIT,0.4609838087281696
2,False,False,False,True,True,none,0.39811616954474094,0.32936507936507936,0.2622100122100122,0.27303648732220165,0.4610675039246468,0.5538548752834468,0.6510989010989011,0.411734693877551,0.8002354788069075,0.40011773940345374,0.5,0.44085133468592114,0.8002354788069075,0.40011773940345374,0.5,0.44085133468592114,LOGIT,0.44085133468592114
0,True,False,False,True,False,entity,0.4950549450549451,0.4570578231292517,0.4610805860805861,0.40314178302900106,0.4610675039246468,0.5538548752834468,0.6510989010989011,0.411734693877551,0.8002354788069075,0.40011773940345374,0.5,0.44085133468592114,0.763971742543171,0.3983250876108019,0.4801587301587301,0.43021459791646127,MAJORITY,0.44085133468592114
1,True,False,False,False,False,act,0.4164050235478807,0.3726190476190476,0.336996336996337,0.3147448453065437,0.4610675039246468,0.5538548752834468,0.6510989010989011,0.411734693877551,0.8002354788069075,0.40011773940345374,0.5,0.44085133468592114,0.6991365777080063,0.4496598639455783,0.5595238095238095,0.43897044197796076,MAJORITY,0.44085133468592114
1,False,False,False,False,True,none,0.5131083202511774,0.518140589569161,0.6021062271062272,0.45918367346938777,0.4610675039246468,0.5538548752834468,0.6510989010989011,0.411734693877551,0.8002354788069075,0.40011773940345374,0.5,0.44085133468592114,0.5332810047095762,0.5945294784580499,0.6094322344322345,0.4681712078770902,LOGIT,0.4681712078770902
2,False,False,True,False,True,act,0.5189952904238618,0.5473356009070295,0.4665750915750915,0.4514564382985436,0.4610675039246468,0.5538548752834468,0.6510989010989011,0.411734693877551,0.8002354788069075,0.40011773940345374,0.5,0.44085133468592114,0.6958398744113029,0.46156462585034014,0.5555555555555556,0.4549173709887996,LOGIT,0.4549173709887996
1,False,True,False,False,False,entity,0.42770800627943484,0.34257369614512473,0.278998778998779,0.29166666666666663,0.4610675039246468,0.5538548752834468,0.6510989010989011,0.411734693877551,0.8002354788069075,0.40011773940345374,0.5,0.44085133468592114,0.5858712715855573,0.46527777777777773,0.4731379731379731,0.4058643457382953,MAJORITY,0.44085133468592114
0,False,True,True,True,False,none,0.6154631083202513,0.55,0.6169108669108668,0.5143145129905509,0.4610675039246468,0.5538548752834468,0.6510989010989011,0.411734693877551,0.8002354788069075,0.40011773940345374,0.5,0.44085133468592114,0.6713500784929357,0.38676739926739917,0.42506105006105005,0.3963510812250308,RANDOM,0.5143145129905509
1,True,False,False,True,False,entity,0.44835164835164837,0.42151360544217686,0.4456654456654457,0.34584974340613434,0.4610675039246468,0.5538548752834468,0.6510989010989011,0.411734693877551,0.8002354788069075,0.40011773940345374,0.5,0.44085133468592114,0.7782574568288855,0.3991187384044527,0.4880952380952381,0.4343917073567286,MAJORITY,0.44085133468592114
0,False,True,False,True,True,act,0.5608320251177394,0.5933673469387755,0.6228632478632479,0.5036328333320814,0.4610675039246468,0.5538548752834468,0.6510989010989011,0.411734693877551,0.8002354788069075,0.40011773940345374,0.5,0.44085133468592114,0.7529827315541601,0.3976757369614513,0.47420634920634924,0.4265443551157837,RANDOM,0.5036328333320814
2,True,False,False,False,False,act + entity,0.5167189952904239,0.528344671201814,0.6346153846153847,0.43611111111111117,0.4610675039246468,0.5538548752834468,0.6510989010989011,0.411734693877551,0.8002354788069075,0.40011773940345374,0.5,0.44085133468592114,0.7134222919937205,0.45481859410430836,0.5694444444444445,0.4609838087281696,LOGIT,0.4609838087281696
2,False,False,False,True,True,entity,0.3817896389324961,0.4178571428571428,0.46047008547008544,0.3332456427547095,0.4610675039246468,0.5538548752834468,0.6510989010989011,0.411734693877551,0.8002354788069075,0.40011773940345374,0.5,0.44085133468592114,0.7859497645211931,0.39932408860980295,0.4920634920634921,0.43667422524565375,MAJORITY,0.44085133468592114
0,False,True,False,False,False,entity,0.296232339089482,0.33333333333333337,0.288003663003663,0.24682757718472007,0.4610675039246468,0.5538548752834468,0.6510989010989011,0.411734693877551,0.8002354788069075,0.40011773940345374,0.5,0.44085133468592114,0.4039246467817897,0.33027210884353736,0.36492673992673996,0.2920117322291235,MAJORITY,0.44085133468592114
1,True,False,False,True,True,act + entity,0.6172684458398744,0.5615079365079365,0.6088217338217339,0.4936507936507937,0.4610675039246468,0.5538548752834468,0.6510989010989011,0.411734693877551,0.8002354788069075,0.40011773940345374,0.5,0.44085133468592114,0.7782574568288855,0.3991187384044527,0.4880952380952381,0.4343917073567286,RANDOM,0.4936507936507937
1,False,True,False,True,False,act + entity,0.36742543171114594,0.35714285714285715,0.3807997557997558,0.2900141874931791,0.4610675039246468,0.5538548752834468,0.6510989010989011,0.411734693877551,0.8002354788069075,0.40011773940345374,0.5,0.44085133468592114,0.8359497645211932,0.489403453689168,0.5714285714285714,0.5224839877471457,LOGIT,0.5224839877471457
0,False,False,False,True,False,act + entity,0.47464678178963887,0.5022675736961452,0.5036630036630035,0.41701575366988897,0.4610675039246468,0.5538548752834468,0.6510989010989011,0.411734693877551,0.8002354788069075,0.40011773940345374,0.5,0.44085133468592114,0.7463893249607534,0.39529478458049894,0.46825396825396826,0.4236583522297807,MAJORITY,0.44085133468592114
1,True,False,False,True,True,none,0.5261381475667191,0.4657029478458049,0.4427655677655678,0.4009723985287895,0.4610675039246468,0.5538548752834468,0.6510989010989011,0.411734693877551,0.8002354788069075,0.40011773940345374,0.5,0.44085133468592114,0.7892464678178965,0.39965986394557823,0.49404761904761907,0.4377560965906831,MAJORITY,0.44085133468592114
1,False,False,True,True,True,entity,0.45800627943485084,0.4725056689342404,0.4665750915750916,0.37853535353535356,0.4610675039246468,0.5538548752834468,0.6510989010989011,0.411734693877551,0.8002354788069075,0.40011773940345374,0.5,0.44085133468592114,0.7892464678178965,0.39965986394557823,0.49404761904761907,0.4377560965906831,MAJORITY,0.44085133468592114
2,False,False,False,True,False,act + entity,0.3970172684458399,0.43015873015873013,0.4645909645909646,0.3486085343228201,0.4610675039246468,0.5538548752834468,0.6510989010989011,0.411734693877551,0.8002354788069075,0.40011773940345374,0.5,0.44085133468592114,0.7892464678178965,0.39965986394557823,0.49404761904761907,0.4377560965906831,MAJORITY,0.44085133468592114
0,False,False,True,False,True,act,0.6685243328100471,0.6646825396825397,0.6156898656898656,0.6010604241696679,0.4610675039246468,0.5538548752834468,0.6510989010989011,0.411734693877551,0.8002354788069075,0.40011773940345374,0.5,0.44085133468592114,0.6771585557299843,0.6288265306122449,0.6865079365079365,0.5704654083855765,RANDOM,0.6010604241696679
1,False,False,False,True,False,entity,0.4649136577708006,0.47678571428571426,0.53998778998779,0.39020274776577296,0.4610675039246468,0.5538548752834468,0.6510989010989011,0.411734693877551,0.8002354788069075,0.40011773940345374,0.5,0.44085133468592114,0.7749607535321822,0.39886621315192744,0.4861111111111111,0.4335789871504157,MAJORITY,0.44085133468592114
0,True,True,False,True,False,none,0.7832810047095762,0.75,0.8102869352869353,0.7271355910785366,0.4610675039246468,0.5538548752834468,0.6510989010989011,0.411734693877551,0.8002354788069075,0.40011773940345374,0.5,0.44085133468592114,0.7537676609105181,0.3979326229326229,0.47466422466422464,0.4273655950674584,RANDOM,0.7271355910785366
2,True,False,False,True,True,entity,0.5134222919937205,0.505952380952381,0.5393772893772893,0.4488662131519275,0.4610675039246468,0.5538548752834468,0.6510989010989011,0.411734693877551,0.8002354788069075,0.40011773940345374,0.5,0.44085133468592114,0.7892464678178965,0.39965986394557823,0.49404761904761907,0.4377560965906831,RANDOM,0.4488662131519275
0,False,False,True,False,True,entity,0.2990580847723705,0.3666666666666667,0.2878510378510378,0.25923702814459115,0.4610675039246468,0.5538548752834468,0.6510989010989011,0.411734693877551,0.8002354788069075,0.40011773940345374,0.5,0.44085133468592114,0.43657770800627943,0.47052154195011336,0.5463980463980463,0.3967687074829932,MAJORITY,0.44085133468592114
1,False,False,False,False,True,act + entity,0.4273940345368917,0.4714285714285715,0.48824786324786323,0.36612339574524444,0.4610675039246468,0.5538548752834468,0.6510989010989011,0.411734693877551,0.8002354788069075,0.40011773940345374,0.5,0.44085133468592114,0.7828885400313972,0.5877594627594628,0.6353785103785103,0.5982593148742217,LOGIT,0.5982593148742217
2,False,False,False,True,True,act + entity,0.5110675039246468,0.5285714285714286,0.5514346764346765,0.4266140346885688,0.4610675039246468,0.5538548752834468,0.6510989010989011,0.411734693877551,0.8002354788069075,0.40011773940345374,0.5,0.44085133468592114,0.8002354788069075,0.40011773940345374,0.5,0.44085133468592114,LOGIT,0.44085133468592114
1,False,False,False,True,True,none,0.42025117739403456,0.4674603174603175,0.5775335775335775,0.3752503798722286,0.4610675039246468,0.5538548752834468,0.6510989010989011,0.411734693877551,0.8002354788069075,0.40011773940345374,0.5,0.44085133468592114,0.7892464678178965,0.39965986394557823,0.49404761904761907,0.4377560965906831,MAJORITY,0.44085133468592114
2,False,True,False,False,False,act,0.5248822605965463,0.4232142857142857,0.504120879120879,0.4060657596371882,0.4610675039246468,0.5538548752834468,0.6510989010989011,0.411734693877551,0.8002354788069075,0.40011773940345374,0.5,0.44085133468592114,0.7958398744113031,0.5877551020408164,0.6547619047619048,0.5989754328100193,LOGIT,0.5989754328100193
2,True,False,False,False,True,none,0.48712715855572997,0.42874149659863947,0.474969474969475,0.3841836734693878,0.4610675039246468,0.5538548752834468,0.6510989010989011,0.411734693877551,0.8002354788069075,0.40011773940345374,0.5,0.44085133468592114,0.673861852433281,0.43041383219954643,0.4801587301587301,0.42802343159486017,MAJORITY,0.44085133468592114
1,False,False,True,True,True,act + entity,0.43987441130298277,0.4515873015873015,0.36736874236874234,0.37637782385681545,0.4610675039246468,0.5538548752834468,0.6510989010989011,0.411734693877551,0.8002354788069075,0.40011773940345374,0.5,0.44085133468592114,0.7892464678178965,0.39965986394557823,0.49404761904761907,0.4377560965906831,MAJORITY,0.44085133468592114
1,False,True,False,False,True,act + entity,0.43940345368916794,0.5165816326530612,0.43116605616605613,0.39108147246139285,0.4610675039246468,0.5538548752834468,0.6510989010989011,0.411734693877551,0.8002354788069075,0.40011773940345374,0.5,0.44085133468592114,0.6744113029827316,0.47465986394557824,0.5238095238095238,0.450846181109339,LOGIT,0.450846181109339
0,True,True,False,True,False,act + entity,0.560596546310832,0.5577380952380951,0.5001526251526252,0.47970521541950106,0.4610675039246468,0.5538548752834468,0.6510989010989011,0.411734693877551,0.8002354788069075,0.40011773940345374,0.5,0.44085133468592114,0.7782574568288855,0.3991187384044527,0.4880952380952381,0.4343917073567286,RANDOM,0.47970521541950106
1,False,False,True,False,True,act,0.5213500784929356,0.46496598639455783,0.5215201465201466,0.41701575366988897,0.4610675039246468,0.5538548752834468,0.6510989010989011,0.411734693877551,0.8002354788069075,0.40011773940345374,0.5,0.44085133468592114,0.5570643642072213,0.40204517704517706,0.4032356532356532,0.3620173477316335,MAJORITY,0.44085133468592114
2,False,False,False,False,True,none,0.4598116169544741,0.42670068027210883,0.4183455433455433,0.350733977801647,0.4610675039246468,0.5538548752834468,0.6510989010989011,0.411734693877551,0.8002354788069075,0.40011773940345374,0.5,0.44085133468592114,0.5610675039246468,0.37678571428571433,0.36095848595848595,0.35678764259326917,MAJORITY,0.44085133468592114
0,False,True,False,True,False,act + entity,0.3986656200941915,0.38350340136054417,0.4253663003663003,0.32142857142857145,0.4610675039246468,0.5538548752834468,0.6510989010989011,0.411734693877551,0.8002354788069075,0.40011773940345374,0.5,0.44085133468592114,0.7529827315541601,0.3976757369614513,0.47420634920634924,0.4265443551157837,MAJORITY,0.44085133468592114
1,True,False,False,False,True,entity,0.5532182103610676,0.46428571428571436,0.5393772893772893,0.42849087003222347,0.4610675039246468,0.5538548752834468,0.6510989010989011,0.411734693877551,0.8002354788069075,0.40011773940345374,0.5,0.44085133468592114,0.6991365777080063,0.4496598639455783,0.5595238095238095,0.43897044197796076,MAJORITY,0.44085133468592114
1,False,True,False,True,True,none,0.49529042386185246,0.4930555555555555,0.4996947496947497,0.4121933621933622,0.4610675039246468,0.5538548752834468,0.6510989010989011,0.411734693877551,0.8002354788069075,0.40011773940345374,0.5,0.44085133468592114,0.8249607535321822,0.4889455782312925,0.5654761904761905,0.5193887496519076,LOGIT,0.5193887496519076
1,True,False,False,False,False,act + entity,0.5222919937205651,0.4583333333333334,0.5221306471306472,0.3984551163122592,0.4610675039246468,0.5538548752834468,0.6510989010989011,0.411734693877551,0.8002354788069075,0.40011773940345374,0.5,0.44085133468592114,0.6991365777080063,0.4496598639455783,0.5595238095238095,0.43897044197796076,MAJORITY,0.44085133468592114
1,False,False,False,True,False,act + entity,0.4906593406593407,0.41210317460317464,0.48885836385836384,0.375,0.4610675039246468,0.5538548752834468,0.6510989010989011,0.411734693877551,0.8002354788069075,0.40011773940345374,0.5,0.44085133468592114,0.7892464678178965,0.39965986394557823,0.49404761904761907,0.4377560965906831,MAJORITY,0.44085133468592114
2,True,False,False,False,False,entity,0.3978021978021978,0.4377834467120181,0.47939560439560436,0.3303735529299439,0.4610675039246468,0.5538548752834468,0.6510989010989011,0.411734693877551,0.8002354788069075,0.40011773940345374,0.5,0.44085133468592114,0.684850863422292,0.45124716553287986,0.5515873015873016,0.45106317380753463,LOGIT,0.45106317380753463
0,False,False,False,True,False,entity,0.5016483516483518,0.3826530612244898,0.38965201465201466,0.3424136321195145,0.4610675039246468,0.5538548752834468,0.6510989010989011,0.411734693877551,0.8002354788069075,0.40011773940345374,0.5,0.44085133468592114,0.7361852433281004,0.39490231990231994,0.4627594627594628,0.42080934938077785,MAJORITY,0.44085133468592114
0,True,False,False,False,False,act + entity,0.5197802197802198,0.5018707482993197,0.5686813186813187,0.40423976608187134,0.4610675039246468,0.5538548752834468,0.6510989010989011,0.411734693877551,0.8002354788069075,0.40011773940345374,0.5,0.44085133468592114,0.6312401883830455,0.4403388278388279,0.5183150183150184,0.4073660773351176,MAJORITY,0.44085133468592114
2,True,False,False,False,True,entity,0.3598116169544741,0.421343537414966,0.37866300366300365,0.3014361885104919,0.4610675039246468,0.5538548752834468,0.6510989010989011,0.411734693877551,0.8002354788069075,0.40011773940345374,0.5,0.44085133468592114,0.7134222919937205,0.45481859410430836,0.5694444444444445,0.4609838087281696,LOGIT,0.4609838087281696
2,False,True,False,False,True,act,0.5948194662480377,0.5704081632653061,0.6813186813186813,0.5035714285714287,0.4610675039246468,0.5538548752834468,0.6510989010989011,0.411734693877551,0.8002354788069075,0.40011773940345374,0.5,0.44085133468592114,0.7958398744113031,0.5877551020408164,0.6547619047619048,0.5989754328100193,LOGIT,0.5989754328100193
0,False,False,False,False,True,none,0.4700156985871272,0.4220521541950113,0.42032967032967034,0.3490810359231412,0.4610675039246468,0.5538548752834468,0.6510989010989011,0.411734693877551,0.8002354788069075,0.40011773940345374,0.5,0.44085133468592114,0.33375196232339094,0.3968253968253968,0.5770757020757021,0.2907647907647908,MAJORITY,0.44085133468592114
1,False,True,False,True,False,none,0.53712715855573,0.5025510204081632,0.592032967032967,0.461904761904762,0.4610675039246468,0.5538548752834468,0.6510989010989011,0.411734693877551,0.8002354788069075,0.40011773940345374,0.5,0.44085133468592114,0.8249607535321822,0.4889455782312925,0.5654761904761905,0.5193887496519076,LOGIT,0.5193887496519076
1,False,False,True,False,True,none,0.5156200941915228,0.5674603174603174,0.5373931623931624,0.46578798185941045,0.4610675039246468,0.5538548752834468,0.6510989010989011,0.411734693877551,0.8002354788069075,0.40011773940345374,0.5,0.44085133468592114,0.5032182103610675,0.3466880341880342,0.31791819291819295,0.3199956905839259,RANDOM,0.46578798185941045
2,True,False,False,True,True,none,0.42025117739403456,0.42551020408163265,0.4445970695970696,0.3422353790000848,0.4610675039246468,0.5538548752834468,0.6510989010989011,0.411734693877551,0.8002354788069075,0.40011773940345374,0.5,0.44085133468592114,0.7892464678178965,0.39965986394557823,0.49404761904761907,0.4377560965906831,MAJORITY,0.44085133468592114
0,True,False,True,False,False,entity,0.47072213500784926,0.44523809523809527,0.5296092796092796,0.3899891774891775,0.4610675039246468,0.5538548752834468,0.6510989010989011,0.411734693877551,0.8002354788069075,0.40011773940345374,0.5,0.44085133468592114,0.6240973312401884,0.37279347636490495,0.3972832722832723,0.37068403609756995,MAJORITY,0.44085133468592114
1,False,False,False,False,False,act + entity,0.6062794348508634,0.443764172335601,0.5071733821733823,0.4214524406253729,0.4610675039246468,0.5538548752834468,0.6510989010989011,0.411734693877551,0.8002354788069075,0.40011773940345374,0.5,0.44085133468592114,0.761695447409733,0.5753968253968254,0.623931623931624,0.579889713461142,LOGIT,0.579889713461142
0,False,True,True,True,False,act,0.6124018838304552,0.6316326530612245,0.7150488400488401,0.5541621911922663,0.4610675039246468,0.5538548752834468,0.6510989010989011,0.411734693877551,0.8002354788069075,0.40011773940345374,0.5,0.44085133468592114,0.7244113029827315,0.3941043083900227,0.4563492063492064,0.41662372019514876,RANDOM,0.5541621911922663
1,False,False,True,False,False,act,0.45651491365777075,0.3791666666666667,0.3672161172161172,0.3191933416723333,0.4610675039246468,0.5538548752834468,0.6510989010989011,0.411734693877551,0.8002354788069075,0.40011773940345374,0.5,0.44085133468592114,0.5713500784929356,0.40283882783882785,0.41117216117216115,0.36619445717190086,MAJORITY,0.44085133468592114
2,False,False,False,True,False,entity,0.5381475667189953,0.42304421768707484,0.3960622710622711,0.3726190476190476,0.4610675039246468,0.5538548752834468,0.6510989010989011,0.411734693877551,0.8002354788069075,0.40011773940345374,0.5,0.44085133468592114,0.7749607535321822,0.39886621315192744,0.4861111111111111,0.4335789871504157,MAJORITY,0.44085133468592114
2,False,False,False,True,False,none,0.5343014128728415,0.4005102040816327,0.4139194139194139,0.3575277479412818,0.4610675039246468,0.5538548752834468,0.6510989010989011,0.411734693877551,0.8002354788069075,0.40011773940345374,0.5,0.44085133468592114,0.7782574568288855,0.3991187384044527,0.4880952380952381,0.4343917073567286,MAJORITY,0.44085133468592114
1,False,False,False,True,True,entity,0.5220565149136578,0.43860544217687075,0.5677655677655676,0.4226638023630505,0.4610675039246468,0.5538548752834468,0.6510989010989011,0.411734693877551,0.8002354788069075,0.40011773940345374,0.5,0.44085133468592114,0.7749607535321822,0.39886621315192744,0.4861111111111111,0.4335789871504157,MAJORITY,0.44085133468592114
0,True,True,True,False,False,none,0.5118524332810048,0.48313492063492064,0.538003663003663,0.4418106636594032,0.4610675039246468,0.5538548752834468,0.6510989010989011,0.411734693877551,0.8002354788069075,0.40011773940345374,0.5,0.44085133468592114,0.6240973312401884,0.37279347636490495,0.3972832722832723,0.37068403609756995,RANDOM,0.4418106636594032
1,False,False,False,False,False,entity,0.4302197802197802,0.38562925170068024,0.3063186813186813,0.3248485224049134,0.4610675039246468,0.5538548752834468,0.6510989010989011,0.411734693877551,0.8002354788069075,0.40011773940345374,0.5,0.44085133468592114,0.5802982731554159,0.5345238095238095,0.5177045177045178,0.4905944986690328,LOGIT,0.4905944986690328
0,False,False,True,False,False,none,0.4631083202511774,0.4302721088435374,0.38461538461538464,0.3706438715837212,0.4610675039246468,0.5538548752834468,0.6510989010989011,0.411734693877551,0.8002354788069075,0.40011773940345374,0.5,0.44085133468592114,0.5014128728414443,0.4060374149659864,0.45115995115995117,0.3759353741496599,MAJORITY,0.44085133468592114
0,False,True,False,True,True,act + entity,0.6008634222919937,0.4503968253968254,0.5062576312576312,0.4221294578437435,0.4610675039246468,0.5538548752834468,0.6510989010989011,0.411734693877551,0.8002354788069075,0.40011773940345374,0.5,0.44085133468592114,0.7244113029827315,0.3941043083900227,0.4563492063492064,0.41662372019514876,MAJORITY,0.44085133468592114
0,False,False,True,True,False,act,0.4248822605965463,0.42687074829931976,0.46047008547008544,0.3553854875283447,0.4610675039246468,0.5538548752834468,0.6510989010989011,0.411734693877551,0.8002354788069075,0.40011773940345374,0.5,0.44085133468592114,0.7354003139717424,0.3947536590393734,0.46230158730158727,0.42029396299582633,MAJORITY,0.44085133468592114
0,True,False,True,True,False,entity,0.6095761381475667,0.5899943310657596,0.5869963369963369,0.5087301587301588,0.4610675039246468,0.5538548752834468,0.6510989010989011,0.411734693877551,0.8002354788069075,0.40011773940345374,0.5,0.44085133468592114,0.763971742543171,0.3983250876108019,0.4801587301587301,0.43021459791646127,RANDOM,0.5087301587301588
1,False,False,True,True,True,act,0.4873626373626374,0.4821428571428571,0.525030525030525,0.4209164367501387,0.4610675039246468,0.5538548752834468,0.6510989010989011,0.411734693877551,0.8002354788069075,0.40011773940345374,0.5,0.44085133468592114,0.7892464678178965,0.39965986394557823,0.49404761904761907,0.4377560965906831,MAJORITY,0.44085133468592114
2,False,False,True,False,False,none,0.473861852433281,0.46456916099773243,0.5532661782661783,0.39180839002267576,0.4610675039246468,0.5538548752834468,0.6510989010989011,0.411734693877551,0.8002354788069075,0.40011773940345374,0.5,0.44085133468592114,0.5603610675039247,0.47466422466422464,0.5242673992673993,0.42273678702250134,MAJORITY,0.44085133468592114
2,False,False,False,False,False,entity,0.29167974882260594,0.3543650793650794,0.35531135531135527,0.24028177704648293,0.4610675039246468,0.5538548752834468,0.6510989010989011,0.411734693877551,0.8002354788069075,0.40011773940345374,0.5,0.44085133468592114,0.48155416012558866,0.42670068027210883,0.4317765567765567,0.38262689691261126,MAJORITY,0.44085133468592114
1,False,False,False,False,True,entity,0.5818681318681318,0.5827380952380953,0.6440781440781441,0.530329187357628,0.4610675039246468,0.5538548752834468,0.6510989010989011,0.411734693877551,0.8002354788069075,0.40011773940345374,0.5,0.44085133468592114,0.6739403453689167,0.5651927437641723,0.5737179487179488,0.5463048855906,LOGIT,0.5463048855906
2,True,False,False,True,True,act + entity,0.706828885400314,0.6686507936507937,0.7735042735042735,0.6392573696145124,0.4610675039246468,0.5538548752834468,0.6510989010989011,0.411734693877551,0.8002354788069075,0.40011773940345374,0.5,0.44085133468592114,0.7892464678178965,0.39965986394557823,0.49404761904761907,0.4377560965906831,RANDOM,0.6392573696145124
2,False,False,True,True,True,none,0.38281004709576144,0.32976190476190476,0.3716422466422466,0.28668520039594786,0.4610675039246468,0.5538548752834468,0.6510989010989011,0.411734693877551,0.8002354788069075,0.40011773940345374,0.5,0.44085133468592114,0.7892464678178965,0.39965986394557823,0.49404761904761907,0.4377560965906831,MAJORITY,0.44085133468592114
0,True,True,True,True,False,none,0.4730769230769231,0.3767006802721088,0.4853479853479854,0.34302528028755364,0.4610675039246468,0.5538548752834468,0.6510989010989011,0.411734693877551,0.8002354788069075,0.40011773940345374,0.5,0.44085133468592114,0.7537676609105181,0.3979326229326229,0.47466422466422464,0.4273655950674584,MAJORITY,0.44085133468592114
2,False,True,False,False,True,none,0.5358712715855573,0.5554421768707484,0.5576923076923076,0.47944563790428457,0.4610675039246468,0.5538548752834468,0.6510989010989011,0.411734693877551,0.8002354788069075,0.40011773940345374,0.5,0.44085133468592114,0.6817896389324961,0.5270451770451771,0.5837912087912088,0.49924949736979807,LOGIT,0.49924949736979807
0,False,False,True,True,False,entity,0.5682888540031397,0.5529220779220779,0.5978327228327228,0.4834065444359562,0.4610675039246468,0.5538548752834468,0.6510989010989011,0.411734693877551,0.8002354788069075,0.40011773940345374,0.5,0.44085133468592114,0.6856357927786499,0.3877594627594627,0.43299755799755807,0.40101961530532965,RANDOM,0.4834065444359562
2,False,True,False,True,False,act,0.5399529042386185,0.5242063492063492,0.5712759462759462,0.45333951762523184,0.4610675039246468,0.5538548752834468,0.6510989010989011,0.411734693877551,0.8002354788069075,0.40011773940345374,0.5,0.44085133468592114,0.7892464678178965,0.39965986394557823,0.49404761904761907,0.4377560965906831,RANDOM,0.45333951762523184
0,False,True,False,True,True,none,0.46287284144427004,0.4768990929705215,0.5393772893772895,0.3820961718020542,0.4610675039246468,0.5538548752834468,0.6510989010989011,0.411734693877551,0.8002354788069075,0.40011773940345374,0.5,0.44085133468592114,0.6611459968602826,0.3863095238095238,0.4195665445665446,0.39327415814810773,MAJORITY,0.44085133468592114
0,True,True,True,False,False,act,0.6288069073783359,0.540079365079365,0.6504884004884005,0.5202504190081829,0.4610675039246468,0.5538548752834468,0.6510989010989011,0.411734693877551,0.8002354788069075,0.40011773940345374,0.5,0.44085133468592114,0.6526687598116169,0.4263649049363335,0.46871184371184377,0.4040173694309033,RANDOM,0.5202504190081829
2,False,True,False,True,True,act + entity,0.4610675039246468,0.4130952380952381,0.47649572649572647,0.3619614512471655,0.4610675039246468,0.5538548752834468,0.6510989010989011,0.411734693877551,0.8002354788069075,0.40011773940345374,0.5,0.44085133468592114,0.7892464678178965,0.39965986394557823,0.49404761904761907,0.4377560965906831,MAJORITY,0.44085133468592114
1,False,True,False,True,True,entity,0.5789638932496075,0.47202380952380957,0.5534188034188035,0.45197897340754484,0.4610675039246468,0.5538548752834468,0.6510989010989011,0.411734693877551,0.8002354788069075,0.40011773940345374,0.5,0.44085133468592114,0.763971742543171,0.3983250876108019,0.4801587301587301,0.43021459791646127,RANDOM,0.45197897340754484
2,False,True,False,False,True,entity,0.569309262166405,0.5304421768707483,0.5856227106227105,0.47517006802721085,0.4610675039246468,0.5538548752834468,0.6510989010989011,0.411734693877551,0.8002354788069075,0.40011773940345374,0.5,0.44085133468592114,0.7958398744113031,0.5877551020408164,0.6547619047619048,0.5989754328100193,LOGIT,0.5989754328100193
0,False,False,True,True,True,none,0.5904238618524333,0.5697278911564626,0.592032967032967,0.5066774078052274,0.4610675039246468,0.5538548752834468,0.6510989010989011,0.411734693877551,0.8002354788069075,0.40011773940345374,0.5,0.44085133468592114,0.6713500784929357,0.38676739926739917,0.42506105006105005,0.3963510812250308,RANDOM,0.5066774078052274
1,True,False,False,False,True,none,0.4978021978021978,0.46726190476190477,0.4392551892551892,0.40676783533926386,0.4610675039246468,0.5538548752834468,0.6510989010989011,0.411734693877551,0.8002354788069075,0.40011773940345374,0.5,0.44085133468592114,0.6991365777080063,0.4496598639455783,0.5595238095238095,0.43897044197796076,MAJORITY,0.44085133468592114
2,False,False,True,True,True,entity,0.3595761381475667,0.35714285714285715,0.33852258852258854,0.28290162218733644,0.4610675039246468,0.5538548752834468,0.6510989010989011,0.411734693877551,0.8002354788069075,0.40011773940345374,0.5,0.44085133468592114,0.8002354788069075,0.40011773940345374,0.5,0.44085133468592114,LOGIT,0.44085133468592114
0,False,True,False,True,False,entity,0.48155416012558866,0.41122448979591836,0.4615384615384615,0.3846677132391418,0.4610675039246468,0.5538548752834468,0.6510989010989011,0.411734693877551,0.8002354788069075,0.40011773940345374,0.5,0.44085133468592114,0.6856357927786499,0.3877594627594627,0.43299755799755807,0.40101961530532965,MAJORITY,0.44085133468592114
2,False,True,False,False,False,act + entity,0.49607535321821034,0.49523809523809526,0.5636446886446886,0.41383172334079016,0.4610675039246468,0.5538548752834468,0.6510989010989011,0.411734693877551,0.8002354788069075,0.40011773940345374,0.5,0.44085133468592114,0.7672684458398745,0.5020408163265306,0.5833333333333333,0.51961035344494,LOGIT,0.51961035344494
0,False,True,False,False,False,act,0.5220565149136578,0.49940476190476185,0.480006105006105,0.4430421443939895,0.4610675039246468,0.5538548752834468,0.6510989010989011,0.411734693877551,0.8002354788069075,0.40011773940345374,0.5,0.44085133468592114,0.6067503924646782,0.5642006802721088,0.5148046398046399,0.47903835218297847,LOGIT,0.47903835218297847
2,True,False,False,False,True,act + entity,0.4404238618524333,0.39285714285714285,0.48885836385836384,0.33700620599116843,0.4610675039246468,0.5538548752834468,0.6510989010989011,0.411734693877551,0.8002354788069075,0.40011773940345374,0.5,0.44085133468592114,0.7134222919937205,0.45481859410430836,0.5694444444444445,0.4609838087281696,LOGIT,0.4609838087281696
2,False,False,True,False,True,none,0.508320251177394,0.5,0.503052503052503,0.43613498030791265,0.4610675039246468,0.5538548752834468,0.6510989010989011,0.411734693877551,0.8002354788069075,0.40011773940345374,0.5,0.44085133468592114,0.5746467817896389,0.4806166056166056,0.5322039072039072,0.4352367870225013,MAJORITY,0.44085133468592114
0,True,False,False,False,True,none,0.5697802197802198,0.5250850340136054,0.6698717948717948,0.4614960019095357,0.4610675039246468,0.5538548752834468,0.6510989010989011,0.411734693877551,0.8002354788069075,0.40011773940345374,0.5,0.44085133468592114,0.5883830455259027,0.3985871271585557,0.436965811965812,0.39180081614292145,RANDOM,0.4614960019095357
0,False,True,False,False,True,act + entity,0.5345368916797488,0.6202380952380951,0.5973748473748474,0.48866395042865635,0.4610675039246468,0.5538548752834468,0.6510989010989011,0.411734693877551,0.8002354788069075,0.40011773940345374,0.5,0.44085133468592114,0.5924646781789639,0.5629251700680271,0.506868131868132,0.47378625134264235,RANDOM,0.48866395042865635
2,True,False,False,True,True,act,0.5769230769230769,0.5625,0.5424297924297924,0.4966089466089466,0.4610675039246468,0.5538548752834468,0.6510989010989011,0.411734693877551,0.8002354788069075,0.40011773940345374,0.5,0.44085133468592114,0.7892464678178965,0.39965986394557823,0.49404761904761907,0.4377560965906831,RANDOM,0.4966089466089466
2,False,True,False,True,False,act + entity,0.6103610675039246,0.5738095238095238,0.5969169719169719,0.5068922305764411,0.4610675039246468,0.5538548752834468,0.6510989010989011,0.411734693877551,0.8002354788069075,0.40011773940345374,0.5,0.44085133468592114,0.7892464678178965,0.39965986394557823,0.49404761904761907,0.4377560965906831,RANDOM,0.5068922305764411
2,False,False,False,False,True,act,0.40188383045525905,0.3564625850340136,0.3206654456654457,0.30192743764172336,0.4610675039246468,0.5538548752834468,0.6510989010989011,0.411734693877551,0.8002354788069075,0.40011773940345374,0.5,0.44085133468592114,0.7576138147566719,0.47823565323565326,0.5282356532356534,0.49648962148962156,LOGIT,0.49648962148962156
1,False,False,False,False,True,act,0.4396389324960754,0.3916666666666666,0.33913308913308915,0.3173518682835453,0.4610675039246468,0.5538548752834468,0.6510989010989011,0.411734693877551,0.8002354788069075,0.40011773940345374,0.5,0.44085133468592114,0.8543171114599686,0.6278388278388279,0.679029304029304,0.6463706646773009,LOGIT,0.6463706646773009
1,False,True,False,False,True,entity,0.5832810047095761,0.5374149659863945,0.5979853479853479,0.4855889724310777,0.4610675039246468,0.5538548752834468,0.6510989010989011,0.411734693877551,0.8002354788069075,0.40011773940345374,0.5,0.44085133468592114,0.6144427001569859,0.4712301587301587,0.490995115995116,0.4320548219287715,RANDOM,0.4855889724310777
1,False,False,True,True,False,none,0.5912087912087911,0.5727040816326531,0.5245726495726496,0.5110544217687075,0.4610675039246468,0.5538548752834468,0.6510989010989011,0.411734693877551,0.8002354788069075,0.40011773940345374,0.5,0.44085133468592114,0.7892464678178965,0.39965986394557823,0.49404761904761907,0.4377560965906831,RANDOM,0.5110544217687075
2,False,False,True,False,False,act,0.45729984301412874,0.44761904761904764,0.4465811965811966,0.38539801885666547,0.4610675039246468,0.5538548752834468,0.6510989010989011,0.411734693877551,0.8002354788069075,0.40011773940345374,0.5,0.44085133468592114,0.6815541601255887,0.4698979591836735,0.5456349206349207,0.461628388729229,LOGIT,0.461628388729229
0,False,False,False,False,True,entity,0.426138147566719,0.3509070294784581,0.31379731379731385,0.29713932683857497,0.4610675039246468,0.5538548752834468,0.6510989010989011,0.411734693877551,0.8002354788069075,0.40011773940345374,0.5,0.44085133468592114,0.42998430141287275,0.4727891156462585,0.5146520146520146,0.3663003663003663,MAJORITY,0.44085133468592114
0,False,False,False,False,True,act,0.6335949764521194,0.6435374149659864,0.7284798534798534,0.573299319727891,0.4610675039246468,0.5538548752834468,0.6510989010989011,0.411734693877551,0.8002354788069075,0.40011773940345374,0.5,0.44085133468592114,0.817817896389325,0.5687074829931973,0.6785714285714286,0.595831751094909,LOGIT,0.595831751094909
2,True,False,False,False,False,act,0.5375981161695448,0.5996031746031746,0.6088217338217339,0.49705215419501136,0.4610675039246468,0.5538548752834468,0.6510989010989011,0.411734693877551,0.8002354788069075,0.40011773940345374,0.5,0.44085133468592114,0.684850863422292,0.45124716553287986,0.5515873015873016,0.45106317380753463,RANDOM,0.49705215419501136
2,False,True,False,True,True,none,0.4620879120879121,0.47876984126984123,0.5111416361416362,0.4062238930659983,0.4610675039246468,0.5538548752834468,0.6510989010989011,0.411734693877551,0.8002354788069075,0.40011773940345374,0.5,0.44085133468592114,0.7672684458398745,0.3984693877551021,0.48214285714285715,0.43072146455605104,MAJORITY,0.44085133468592114
0,False,False,False,False,True,act + entity,0.5500784929356358,0.47380952380952385,0.536019536019536,0.4292416966786715,0.4610675039246468,0.5538548752834468,0.6510989010989011,0.411734693877551,0.8002354788069075,0.40011773940345374,0.5,0.44085133468592114,0.7504709576138149,0.5629578754578755,0.6393467643467644,0.5742164698047051,LOGIT,0.5742164698047051
